step,time,true_x,noe_x,rmse,comm_norm,entropy,coherence,rank
0,0.005,1.0027633005091576,9.893330308203566,8.709158695489949,6.044242324517257e-08,1.098586699821138,1.0,3
1,0.01,1.0108714714731692,9.668829378748228,8.589957590075961,0.15270472557594839,1.0985230041896434,1.0,3
2,0.015,1.0240846927673002,9.449285271658027,8.469685157214355,0.3081331240794096,1.0984199595857023,1.0,3
3,0.02,1.0422038062561072,9.234559406561253,8.348077180718915,0.4569762706581133,1.0982798497134851,1.0,3
4,0.025,1.0650670546217689,9.024492536172978,8.224864575242504,0.5965241065406817,1.098104938221307,1.0,3
5,0.03,1.0925471898813168,8.81893128977923,8.099781078545927,0.7265841176418256,1.097897448734425,1.0,3
6,0.035,1.1245489156837034,8.617730831901497,7.97256249374234,0.8473737007298623,1.097659548830849,1.0,3
7,0.04,1.161006630913195,8.420754451286548,7.842944980538217,0.959235914739083,1.0973933373975946,1.0,3
8,0.045,1.2018824451968249,8.227872531968849,7.710663258012097,1.0625665214289046,1.097100834898797,1.0,3
9,0.05,1.2471644396451351,8.038961451888937,7.575448891654893,1.1577866402079706,1.0967839761576414,1.0,3
10,0.055,1.2968651485694433,7.853902577717918,7.437028701327651,1.2453293015477043,1.0964446052991972,1.0,3
11,0.06,1.3510202400349944,7.672581416249294,7.295123288725294,1.325631440411488,1.0960844725380556,1.0,3
12,0.065,1.409687374944394,7.494886941702191,7.149445669892948,1.3991285119042371,1.0957052325282761,1.0,3
13,0.07,1.4729452259134157,7.320711099149413,6.999699993703248,1.4662506122939638,1.095308444024703,1.0,3
14,0.075,1.5408926385123076,7.149948474087509,6.845580326114102,1.5274195894772278,1.0948955706342924,1.0,3
15,0.08,1.6136479185075157,6.9824961124273415,6.686769480740516,1.5830468676913962,1.0944679824635137,1.0,3
16,0.085,1.691348229555475,6.818253472057087,6.522937878039983,1.6335318188272026,1.094026958493023,1.0,3
17,0.09,1.7741490863725073,6.6571224857020255,6.353742417851749,1.6792605659848847,1.0935736895335724,1.0,3
18,0.095,1.8622239287301934,6.49900771454697,6.178825352938006,1.7206051342370519,1.093109281637534,1.0,3
19,0.1,1.9557637616974781,6.343816572643718,5.997813154435751,1.7579228815126524,1.0926347598585526,1.0,3
20,0.105,2.0549768473591556,6.191459603244468,5.810315363685912,1.7915561547047787,1.092151072267841,1.0,3
21,0.11,2.1600884327713206,6.041850789688226,5.615923428749106,1.8218321251679928,1.0916590941496152,1.0,3
22,0.115,2.2713404981500225,5.894907885173616,5.414209528068144,1.8490627650112146,1.0911596323103292,1.0,3
23,0.12,2.388991508207877,5.750552747563077,5.20472538824874,1.8735449316795945,1.0906534294468724,1.0,3
24,0.125,2.5133161481289363,5.608711667195898,4.98700110788063,1.8955605336101173,1.0901411685279254,1.0,3
25,0.13,2.6446050238750645,5.469315677475159,4.760544004814438,1.9153767544364497,1.0896234771503601,1.0,3
26,0.135,2.7831643043141265,5.332300839693396,4.52483751046971,1.933246317417651,1.0891009318391442,1.0,3
27,0.14,2.929315280015249,5.197608495143442,4.279340141722719,1.9494077755338428,1.088574062264749,1.0,3
28,0.145,3.083393810430698,5.065185479005585,4.0234845888716295,1.9640858160643462,1.0880433553567381,1.0,3
29,0.15,3.245749627538134,4.934984291803168,3.7566769672822544,1.9774915714566448,1.0875092592961486,1.0,3
30,0.155,3.4167454598126104,4.806963225373245,3.478296290773281,1.9898229309172735,1.0869721873725724,1.0,3
31,0.16,3.5967559355996963,4.6810864413114075,3.1876942368051977,2.00126484941063,1.0864325216946022,1.0,3
32,0.165,3.7861662195416566,4.5573240007281015,2.88419528729489,2.011989652640196,1.085890616744609,1.0,3
33,0.17,3.985370329651966,4.435651844907028,2.7641819262167537,2.022157338110515,1.08534680277075,1.0,3
34,0.17500000000000002,4.1947690759421805,4.316051727097275,2.7772174453667446,2.031915873531332,1.0848013890107149,1.0,3
35,0.18,4.414767554209003,4.198511096210915,2.930943120993927,2.041401494637892,1.0842546667430708,1.0,3
36,0.185,4.6457721207555895,4.083022933649957,3.1675275348858514,2.0507390049782765,1.0837069121632061,1.0,3
37,0.19,4.888186765568524,3.969585544864046,3.4058287272633287,2.0600420803843575,1.0831583890818308,1.0,3
38,0.195,5.142408792987563,3.8582023075532845,3.6454718896842557,2.0694135807297545,1.0826093514448019,1.0,3
39,0.2,5.408823710465521,3.7488813786928006,3.885983244212733,2.078945871225975,1.0820600456737384,1.0,3
40,0.20500000000000002,5.687799218010523,3.641635362775901,4.126778157353214,2.088721154967159,1.081510712827476,1.0,3
41,0.21,5.979678183865231,3.536480943861882,4.367148444036284,2.0988118177573494,1.0809615905849206,1.0,3
42,0.215,6.284770486615815,3.433438484181231,4.606248964702614,2.1092807855019466,1.0804129150503023,1.0,3
43,0.22,6.603343601156799,3.3325315922029404,4.843083678328707,2.1201818936759547,1.0798649223822103,1.0,3
44,0.225,6.935611806933936,3.233786663212946,5.076491388783185,2.1315602676529406,1.0793178502481373,1.0,3
45,0.23,7.2817239030959255,3.1372323955944665,5.305131512990151,2.1434527120418196,1.0787719391065784,1.0,3
46,0.23500000000000001,7.6417493283679985,3.042899286144916,5.527470308420088,2.1558881066766573,1.0782274333190123,1.0,3
47,0.24,8.01566260570193,2.9508191079123947,5.741768125133014,2.1688878065693102,1.0776845820943997,1.0,3
48,0.245,8.403326065458868,2.861024374189526,5.946068393513454,2.182466042984687,1.0771436402691121,1.0,3
49,0.25,8.804470848713743,2.7735477924621748,6.138189220799544,2.196630322839501,1.0766048689255256,1.0,3
50,0.255,9.21867625707236,2.688421712274831,6.31571864294406,2.211381823848549,1.0760685358528475,1.0,3
51,0.26,9.645347600001463,2.6056775711386564,6.476014755479961,2.226715783228659,1.0755349158541185,1.0,3
52,0.265,10.083692797655306,2.525345342767565,7.003765753492324,2.242621878287198,1.0750042909037496,1.0,3
53,0.27,10.53269812845582,2.44745299207608,7.72374142350361,2.2590845978319987,1.0744769501604206,1.0,3
54,0.275,10.991103666997807,2.372025941502393,8.461873625987273,2.2760836039976957,1.0739531898406793,1.0,3
55,0.28,11.457379138139848,2.299086553322198,9.215770361952554,2.2935940847456817,1.0734333129591602,1.0,3
56,0.28500000000000003,11.929701113746193,2.2286536326846687,9.982464812363238,2.311587097915113,1.0729176289419398,1.0,3
57,0.29,12.405932692357093,2.1607419561226493,10.758368846450745,2.3300299082412685,1.0724064531202266,1.0,3
58,0.295,12.88360701767807,2.0953618302538217,11.539236160857238,2.3488863191804583,1.07190010611225,1.0,3
59,0.3,13.359916192783832,2.0325186852925583,12.320139319213864,2.368117001660224,1.0713989131019397,1.0,3
60,0.305,13.83170731155962,1.9722127078237435,13.095465396758959,2.3876798219946194,1.0709032030236894,1.0,3
61,0.31,14.295487430256314,1.9144385170456601,13.858935139262252,2.4075301711575943,1.0704133076631914,1.0,3
62,0.315,14.74743930921025,1.8591848883654691,14.603650412732543,2.4276212973972706,1.0699295606850079,1.0,3
63,0.32,15.183449635119105,1.8064345278254095,15.322174141652575,2.447904643810721,1.0694522965981343,1.0,3
64,0.325,15.599151156947244,1.7561639003533145,16.00664581490153,2.4683301920041534,1.0689818496713632,1.0,3
65,0.33,15.989979709458044,1.7083431142705194,16.648933921648574,2.4888468123633727,1.0685185528106889,1.0,3
66,0.335,16.35124644606233,1.6629358638603549,17.240824365078648,2.509402620786342,1.0680392734022894,0.9999643229394896,3
67,0.34,16.678224764511533,1.6198994311116834,17.774241072519438,2.5299453410198507,1.067539857938302,0.9998863549194292,3
68,0.34500000000000003,16.96625041666254,1.579184747015475,18.241491857201307,2.5504226710308013,1.0670495727042497,0.9998101659962622,3
69,0.35000000000000003,17.210832206462516,1.5407365120231162,18.635529371677,2.570782651167014,1.066568872383822,0.9997359456443287,3
70,0.355,17.407769585136784,1.504493374489087,18.950214093639246,2.590974031254673,1.0660982024431513,0.9996638793906847,3
71,0.36,17.553272458117224,1.4703881651348212,19.180564116771468,2.6109466332702156,1.0656379980812798,0.9995941490047371,3
72,0.365,17.644077744825996,1.4383481848035586,19.32297548593073,2.6306517058358057,1.0651886832320336,0.9995269326872267,3
73,0.37,17.677556796389585,1.4082955420456287,19.37539723645671,2.6500422665387386,1.064750669626208,0.9994624052554926,3
74,0.375,17.651807771783158,1.3801475363970255,19.337447333236952,2.669073427975029,1.0643243559222983,0.9994007383222505,3
75,0.38,17.56572755350183,1.3538170826078542,19.210459304265445,2.6877027034704724,1.0639101269132445,0.9993421004654519,3
76,0.385,17.41905874891856,1.3292131705558035,18.99745423785699,2.7058902886341194,1.063508352815793,0.9992866573871082,3
77,0.39,17.21240871152068,1.3062413551540644,18.703038461092063,2.7235993152402145,1.0631193886481372,0.9992345720593264,3
78,0.395,16.94723920858572,1.284804270243015,18.33323299288604,2.740796074397702,1.0627435737005069,0.9991860048561413,3
79,0.4,16.625827196787327,1.2648021602465107,17.895246079095042,2.7574502065329978,1.0623812311023317,0.9991411136701038,3
80,0.405,16.251198962044626,1.2461334232790975,17.39720415330014,2.773534856355896,1.0620326674885716,0.999100054012945,3
81,0.41000000000000003,15.827041457452504,1.2286951594090993,16.847858985787568,2.7890267916756257,1.061698172766739,0.9990629791000055,3
82,0.41500000000000004,15.35759588696709,1.2123837179117203,16.25628938909495,2.803906485655924,1.061378019985138,0.999030039918487,3
83,0.42,14.847539336440745,1.1970952375780186,15.631614707497908,2.8181581628190586,1.061072465301836,0.9990013852799409,3
84,0.425,14.301860511514173,1.1827261744718598,15.55700015019331,2.8317698098024238,1.0607817480529627,0.9989771618577564,3
85,0.43,13.725735427285732,1.1691738119354085,15.60654253898341,2.844733152516203,1.0605060909180573,0.99895751421075,3
86,0.435,13.124408280814377,1.1563367481219444,15.595118562538486,2.8570436019258443,1.0602457001793972,0.998942584794275,3
87,0.44,12.50308183109608,1.1441153568684896,15.527557541577494,2.8687001711742925,1.0600007660715287,0.9989325139605588,3
88,0.445,11.866820533660452,1.13241221829486,15.409142301713933,2.87970536715284,1.0597714632165995,0.998927439950264,3
89,0.45,11.220468546978415,1.1211325161158072,15.245415476490562,2.890065059920769,1.059557951140581,0.9989274988775012,3
90,0.455,10.56858364743255,1.1101843992643126,15.042005652923585,2.8997883335580736,1.0593603748650295,0.9989328247107557,3
91,0.46,9.915387135493477,1.0994793060326415,14.804478151948507,2.908887322113877,1.0591788655687004,0.9989435492523788,3
92,0.465,9.264729036442718,1.0889322495321778,14.538212809311352,2.9173770342914493,1.0590135413131136,0.9989598021194658,3
93,0.47000000000000003,8.620067315933408,1.0784620638408313,14.24830906148224,2.925275170394802,1.0588645078259908,0.9989817107290899,3
94,0.47500000000000003,7.98445944271836,1.0679916107397105,13.93951703577018,2.932601934864085,1.0587318593364619,0.99900940029098,3
95,0.48,7.360564420218225,1.0574479474304113,13.616192213262499,2.9393798474582176,1.0586156794559403,0.9990429938108387,3
96,0.485,6.750653347137935,1.0467624560655011,13.282270544647995,2.9456335558177664,1.0585160420986903,0.9990826121075879,3
97,0.49,6.156626622259133,1.0358709363130032,12.94126058686175,2.9513896517734732,1.0584330124362697,0.9991283738479019,3
98,0.495,5.580036046790243,1.024713662508745,12.596249211880371,2.956676493369537,1.058366647880299,0.9991803956014811,3
99,0.5,5.022110269047611,1.0132354072283647,12.249917635034384,2.961524034160945,1.0583169990883032,0.9992387919205797,3
100,0.505,4.4837822352376975,1.0013854333323593,11.904564843196342,2.965963660933485,1.0582841109877386,0.9993036754474045,3
101,0.51,3.965717536591511,0.989117456707433,11.562135909743473,2.9700280405951283,1.058268023813737,0.9993751570531008,3
102,0.515,3.4683427623340704,0.9763895820457833,11.224253114091752,2.9737509766100265,1.0582687741565606,0.9994533460121742,3
103,0.52,2.991873170076295,0.9631642140763219,10.89224820359022,2.9771672749993012,1.0582863960152649,0.9995383502163612,3
104,0.525,2.5363391643818365,0.9494079466919771,10.567194521663524,2.980312619623775,1.0583209218546132,0.999630276432171,3
105,0.53,2.1016112278584176,0.9350914324094717,10.249938065309607,2.9832234561985462,1.0583723836628671,0.9997292306065813,3
106,0.535,1.6874230768603518,0.9201892345579239,9.941126821992748,2.9859368842715095,1.058440814008687,0.9998353182256958,3
107,0.54,1.29339291706516,0.9046796645246857,9.641237970565081,2.9884905562295723,1.0585262470960484,0.9999486447315776,3
108,0.545,0.9190427550811073,0.8885446062965627,9.350602716509009,2.990922582278993,1.058581823230298,1.0,3
109,0.55,0.5638157836398422,0.8717693304257992,9.274731038429493,2.993271440278332,1.0586147516183255,1.0,3
110,0.555,0.22709190277824143,0.8543422994283816,9.215986742467846,2.995575889283422,1.0586597833709546,1.0,3
111,0.56,-0.0917985294056406,0.8362549664907704,9.154496383728828,2.9978748856902135,1.058716917452371,1.0,3
112,0.5650000000000001,-0.3935626026652546,0.8175015692239214,9.090674790199172,3.0002075009294393,1.0587861596908414,1.0,3
113,0.5700000000000001,-0.6789342919026935,0.7980789200642846,9.024899144033713,3.0026128397745455,1.0588675233416882,1.0,3
114,0.5750000000000001,-0.9486652956519479,0.7779861947820521,8.95751424528021,3.0051299584638564,1.0589610295991776,1.0,3
115,0.58,-1.2035171455462275,0.757224720420993,8.888836961933201,3.007797782006544,1.0590667080567049,1.0,3
116,0.585,-1.4442544600819178,0.7357977638627418,8.819159968016374,3.0106550202340134,1.0591845971149,1.0,3
117,0.59,-1.6716392219112608,0.7137103220840402,8.748754866417164,3.0137400823668536,1.0593147443375486,1.0,3
118,0.595,-1.8864259653488233,0.6909689150575531,8.677874785974824,3.017090990088962,1.0594572067554067,1.0,3
119,0.6,-2.089357769096366,0.6675813821390335,8.606756533867477,3.020745289347588,1.0596120511182046,1.0,3
120,0.605,-2.2811629578789048,0.6435566826837231,8.535622375388678,3.024739961325351,1.0597793540952563,1.0,3
121,0.61,-2.462552425380278,0.6189047015446363,8.464681504265988,3.029111333253575,1.0599592024252573,1.0,3
122,0.615,-2.6342174993165153,0.5936360600250694,8.394131258101588,3.0338949899479446,1.0601516930159285,1.0,3
123,0.62,-2.796828277521307,0.5677619327854373,8.324158125524738,3.0391256871446575,1.0603569329942646,1.0,3
124,0.625,-2.951032371435822,0.541293871142301,8.254938584363494,3.0448372678912405,1.0605750397082003,1.0,3
125,0.63,-3.0974540003391406,0.5142436331426197,8.18663980362271,3.051062583398103,1.0608061406805491,1.0,3
126,0.635,-3.236693386004822,0.4866230207494908,8.119420236302666,3.0578334198806623,1.0610503735160868,1.0,3
127,0.64,-3.3693264032276904,0.45844372443598047,8.053430125084239,3.0651804330133965,1.0613078857626563,1.0,3
128,0.645,-3.4959044468536327,0.4297171754498379,7.988811938593641,3.0731330916759774,1.0615788347271637,1.0,3
129,0.65,-3.6169544805959393,0.40045440598373716,7.925700752285459,3.0817196326946354,1.0618633872472931,1.0,3
130,0.655,-3.7329792370724797,0.3706659174623965,7.8642245848826065,3.090967028269369,1.062161719419735,1.0,3
131,0.66,-3.8444575421900558,0.34036155713821614,7.804504698720326,3.1009009677300643,1.0624740162856643,1.0,3
132,0.665,-3.951844740277454,0.30955040317089555,7.746655870194484,3.111545855183045,1.0628004714741208,1.0,3
133,0.67,-4.055573199268071,0.27824065835271483,7.690786634752428,3.122924824496484,1.0631412868038779,1.0,3
134,0.675,-4.156052877795603,0.2464395526296812,7.636999509432209,3.1350597729316125,1.0634966718442773,1.0,3
135,0.68,-4.253671938328706,0.21415325455813417,7.5853911948012644,3.1479714145616677,1.0638668434354026,1.0,3
136,0.685,-4.348797392466482,0.1813867918282952,7.536052757227466,3.161679354434299,1.0642520251678447,1.0,3
137,0.6900000000000001,-4.44177576627672,0.1481439809771814,7.489069791690184,3.1762021842336954,1.0646524468221807,1.0,3
138,0.6950000000000001,-4.53293377511086,0.11442736640675832,7.4445225647773325,3.1915575999883368,1.0650683437681419,1.0,3
139,0.7000000000000001,-4.622578998698514,0.08023816881598833,7.402486137084362,3.2077625421558813,1.0654999563233076,1.0,3
140,0.705,-4.711000548532436,0.04557624314949038,7.363030463909719,3.224833358203031,1.0659475290709726,1.0,3
141,0.71,-4.7984697206219735,0.01044004616011307,7.326220472908548,3.242785987587865,1.0664113101366932,1.0,3
142,0.715,-4.885240627637099,-0.025173386321775126,7.292116117205329,3.261636168851562,1.0668915504228131,1.0,3
143,0.72,-4.97155080530198,-0.06126845232269318,7.2607724023642035,3.2813996683356885,1.0673885028000973,1.0,3
144,0.725,-5.05762178864095,-0.09785098677678405,7.232239385562203,3.302092529863716,1.0679024212553898,1.0,3
145,0.73,-5.143659654343533,-0.1349282546054127,7.206562145299199,3.323731344560869,1.068433559994034,1.0,3
146,0.735,-5.229855526110334,-0.17250893373665832,7.183780720001981,3.3463335398347662,1.0689821724955688,1.0,3
147,0.74,-5.316386040378741,-0.2106030879713785,7.1639300139374456,3.3699176863977223,1.0695485105210258,1.0,3
148,0.745,-5.403413770316012,-0.24922212959602774,7.14703966893802,3.39450382207872,1.0701328230699492,1.0,3
149,0.75,-5.4910876064163405,-0.28837877163297776,7.133133900562062,3.420113791042867,1.0707353552850611,1.0,3
150,0.755,-5.579543092456061,-0.32808696960628225,7.122231297464992,3.4467715969051778,1.0713563473023298,1.0,3
151,0.76,-5.668902715954944,-0.3683618526860428,7.114344582943528,3.474503768087543,1.0719960330440095,1.0,3
152,0.765,-5.759276152668656,-0.40921964405521294,7.1094803378421005,3.503339733615627,1.072654638952111,1.0,3
153,0.77,-5.850760465004685,-0.4506775703223411,7.10763868427824,3.533312207380908,1.0733323826596253,1.0,3
154,0.775,-5.943440254617721,-0.4927537597790419,7.108812929959593,3.5644575786945554,1.0740294715967718,1.0,3
155,0.78,-6.037387769806546,-0.535467129275446,7.112989173233182,3.5968163067271277,1.0747461015295263,1.0,3
156,0.785,-6.132662968708523,-0.5788372594588509,7.120145869432897,3.6304333161576965,1.0754242531073719,0.9998293764492602,3
157,0.79,-6.22931353967507,-0.6228842580923768,7.13025335958086,3.665358391038848,1.0754918890786338,0.9978149391053124,3
158,0.795,-6.32737488061659,-0.6676286111413177,7.1432733630554965,3.701646563521538,1.0755681466604847,0.9957754734482168,3
159,0.8,-6.426870039532578,-0.7130910212870702,7.1591584364713645,3.739358493667966,1.0756528405174297,0.9937108849361564,3
160,0.805,-6.527809618895581,-0.7592922335025776,7.177851401725323,3.778560836116486,1.0757457701593998,0.9916211042933598,3
161,0.81,-6.630191647039158,-0.8062528473001294,7.199284746955524,3.8193265888493095,1.075846720125061,0.9895060918748191,3
162,0.8150000000000001,-6.734001420212084,-0.8539931152444638,7.223380005035611,3.8617354187572572,1.0759554602665342,0.9873658423273766,3
163,0.8200000000000001,-6.839211319504688,-0.9025327273119927,7.250047115186825,3.9058739581050435,1.0760717461385285,0.9852003895424184,3
164,0.8250000000000001,-6.94578060742826,-0.9518905806721705,7.2791837743349035,3.951836065386932,1.0761953194943514,0.9830098118914891,3
165,0.8300000000000001,-7.053655209533289,-1.0020845344725373,7.310674785961521,3.9997230434406097,1.076325908890532,0.9807942377315152,3
166,0.835,-7.162767487083842,-1.05313114922415,7.3443914153961245,4.049643807077599,1.076463230401001,0.9785538511611828,3
167,0.84,-7.273036007458531,-1.1050454104134602,7.380190761751504,4.101714991912333,1.0766069884408338,0.9762888980042111,3
168,0.845,-7.38436531961649,-1.1578404360092023,7.417915158011206,4.156060995555978,1.0767568766985147,0.9739996919889005,3
169,0.85,-7.496645742640193,-1.2115271675924575,7.457391612111091,4.212813941910743,1.0769125791745573,0.971686621086488,3
170,0.855,-7.609753176034331,-1.2661140449151134,7.498431303193944,4.27211355898847,1.0770737713230727,0.9693501539634811,3
171,0.86,-7.723548941107094,-1.321606663788181,7.540829148529255,4.334106960507653,1.0772401212916047,0.9669908464955065,3
172,0.865,-7.837879663370346,-1.3780074173193384,7.58436345784083,4.3989483215266665,1.077411291253204,0.9646093482822611,3
173,0.87,-7.952577206448742,-1.4353151206586077,7.628795692934809,4.4667984385675865,1.0775869388233614,0.9622064090951946,3
174,0.875,-8.067458668462764,-1.4935246195754814,7.673870351520158,4.5378241650926014,1.0777667185530748,0.959782885181603,3
175,0.88,-8.18232645222239,-1.552626383379902,7.719314994911973,4.612197713822328,1.0779502834880021,0.9573397453412004,3
176,0.885,-8.296968420809806,-1.612606082915896,7.764840439845549,4.690095818229547,1.0781372867824282,0.9548780766840778,3
177,0.89,-8.411158150212914,-1.6734441546013201,7.810141134845593,4.771698746591401,1.0783273833556029,0.9523990899724952,3
178,0.895,-8.524655290566809,-1.7351153517612943,7.854895741425021,4.857189163211769,1.078520231577031,0.9499041244434954,3
179,0.9,-8.637206047238013,-1.7975882848085156,7.898767939766574,4.946750832797827,1.0787154949664033,0.9473946520050173,3
180,0.905,-8.7485437924172,-1.8608249521611242,7.94140747740465,5.040567165441252,1.0789128438932316,0.9448722806952983,3
181,0.91,-8.858389817042994,-1.9247802641598852,7.982451477714638,5.138819601162793,1.079111957260763,0.9423387572941577,3
182,0.915,-8.96645423173861,-1.9894015626512243,8.021526022682439,5.241685834467573,1.0793125241585386,0.9397959689754044,3
183,0.92,-9.07243702398519,-2.0546281393406716,8.058248021426287,5.349337880770725,1.0795142454679543,0.9372459438923106,3
184,0.925,-9.176029276968325,-2.120390756491645,8.092227372254198,5.461939987835141,1.0797168354054298,0.934690850593017,3
185,0.93,-9.276914553412512,-2.186611174044863,8.123069421655545,5.579646396477086,1.0799200229882688,0.9321329961700174,3
186,0.935,-9.374770445267506,-2.253201687757951,8.150377718565872,5.70259895571667,1.0801235534089977,0.9295748230575955,3
187,0.9400000000000001,-9.469270287346884,-2.320064683508221,8.17375705655263,5.830924598277116,1.0803271893048922,0.927018904403299,3
188,0.9450000000000001,-9.560085029971452,-2.3870922134533075,8.192816790322125,5.964732682895825,1.0805307119104925,0.924467937954332,3
189,0.9500000000000001,-9.646885262380883,-2.454165600292459,8.207174406250395,6.104112210346656,1.080733922082192,0.9219247384169891,3
190,0.9550000000000001,-9.729343375202323,-2.5211550764004116,8.216459319631385,6.249128920465549,1.0809366411853776,0.9193922282670527,3
191,0.96,-9.807135846675058,-2.5879194650974355,8.2203168641816,6.399822277913003,1.0811387118361264,0.9168734270112052,3
192,0.965,-9.879945633709031,-2.6543059117515853,8.218412432239809,6.55620235501281,1.0813399984910692,0.914371438923859,3
193,0.97,-9.947464645297462,-2.7201496727595185,8.210435717268965,6.7182466208973475,1.0815403878806902,0.9118894393102271,3
194,0.975,-10.009396272414552,-2.7852739706939396,8.196105003941652,6.885896647490594,1.0817397892830771,0.9094306593746784,3
195,0.98,-10.065457945419698,-2.849489924014456,8.175171445509084,7.059054744686489,1.0819381346368633,0.9069983698029971,3
196,0.985,-10.115383687273512,-2.9125965596883674,8.147423263554508,7.237580539533685,1.0821353784939294,0.9045958631978466,3
197,0.99,-10.158926628660717,-2.974380916836239,8.11268980183692,7.421287517392128,1.0823314978142362,0.9022264355379046,3
198,0.995,-10.195861449516268,-3.034618249085696,8.07084536393575,7.609939546926127,1.0825264916070485,0.899893366861963,3
199,1.0,-10.225986710558187,-3.093072332671781,8.021812763969555,7.803247415447523,1.0827203804247076,0.8975999014095366,3
200,1.0050000000000001,-10.249127038321106,-3.1494958864579417,7.965566520890895,8.000865406481394,1.0829132057171,0.8953492274776137,3
201,1.01,-10.265135127914796,-3.2036311089694536,7.902135629810128,8.202387957412414,1.0831050290569704,0.8931444572787447,3
202,1.0150000000000001,-10.27389352933276,-3.255210336242815,7.831605848463492,8.407346441550583,1.0832959312483177,0.8909886071072634,3
203,1.02,-10.275316185609695,-3.303956822819174,7.754121443245634,8.61520612575363,1.083486011332204,0.8888845781371096,3
204,1.025,-10.269349694444939,-3.3495856465773954,7.669886347037434,8.825363361641692,1.0836753855064074,0.8868351381852271,3
205,1.03,-10.255974269012485,-3.3918047363489983,7.579164690188397,9.037143075183218,1.0838641859774039,0.8848429047778545,3
206,1.035,-10.23520437847714,-3.430316019424829,7.482280676217072,9.249796625736648,1.0840525597650934,0.8829103298522479,3
207,1.04,-10.207089054113482,-3.464816684199672,7.379617784799933,9.462500111202187,1.0842406674823977,0.8810396864123753,3
208,1.045,-10.171711852738305,-3.4950005513513176,7.271617296129558,9.674353200470687,1.084428682113277,0.879233057433931,3
209,1.05,-10.12919047525856,-3.5205595451616603,7.15877614243297,9.884378577564688,1.0846167878136719,0.8774923272806967,3
210,1.055,-10.079676044333544,-3.5411852548997516,7.041644104053255,10.091522083496713,1.0848051787602775,0.8758191758514992,3
211,1.06,-10.023352051275465,-3.556570574636009,6.9208203787374485,10.29465364172174,1.0849940580717252,0.8742150756249478,3
212,1.065,-9.960432988191766,-3.5664114084717724,6.796949563400133,10.492569051014673,1.08518363682557,0.8726812917088342,3
213,1.07,-9.891162686840481,-3.57040842696993,6.670717097445453,10.683992725640751,1.0853741331922804,0.8712188849336775,3
214,1.075,-9.815812390577674,-3.5682688595807655,6.542844225574444,10.867581456919464,1.0855657717040945,0.8698287179570833,3
215,1.08,-9.73467858999653,-3.559708307083767,6.414082545774019,11.041929262989562,1.0857587826720012,0.8685114642689138,3
216,1.085,-9.648080656290746,-3.5444525575323453,6.285208214805825,11.205573385221925,1.085953401758112,0.8672676199087542,3
217,1.09,-9.556358308950214,-3.522239388912709,6.157015888957296,11.357001481003712,1.0861498697032108,0.8660975176283295,3
218,1.095,-9.459868956075491,-3.492820341745066,6.030312482065841,11.494660054489996,1.0863484322001669,0.8650013431540021,3
219,1.1,-9.358984946372168,-3.4559624452057633,5.905910825881701,11.61696416069026,1.0865493398930597,0.8639791531290507,3
220,1.105,-9.25409077177965,-3.41144988108784,5.784623319689918,11.72230841561344,1.0867528484691156,0.8630308942425899,3
221,1.11,-9.145580258751568,-3.359085571105627,5.66725565675641,11.809079348325325,1.0869592187956392,0.862156422981101,3
222,1.115,-9.033853784511068,-3.298692674750985,5.554600714565183,11.875669142483394,1.0871687170367452,0.8613555253681028,3
223,1.12,-8.919315552246625,-3.2301159871759353,5.447432693930035,11.920490838841694,1.0873816146643283,0.8606279359845599,3
224,1.125,-8.802370956300237,-3.153223229435209,5.346501588832633,11.94199511107627,1.0875981882537475,0.8599733554833864,3
225,1.1300000000000001,-8.683424065045571,-3.0679062268484216,5.2525280642020915,11.938688791292266,1.0878187189262234,0.8593914657197218,3
226,1.135,-8.562875245478823,-2.974081975132062,5.166198812764322,11.90915541703231,1.0880434912657824,0.8588819415075795,3
227,1.1400000000000001,-8.441118949668198,-2.8716935980866367,5.088162454553914,11.852078209769681,1.0882727914972459,0.8584444578733643,3
228,1.145,-8.318541679242445,-2.7607112046176567,5.019026033771929,11.766266091228529,1.088506904661308,0.8580786914966746,3
229,1.1500000000000001,-8.195520140149393,-2.6411326561024815,4.959352157584475,11.650683620039802,1.0887461104609448,0.8577843147951695,3
230,1.155,-8.07241959607508,-2.512984256648622,4.909656810553177,11.504486117685707,1.0889906773774427,0.8575609808072007,3
231,1.16,-7.949592425262727,-2.3763213772350156,4.8821533668842365,11.32706179265248,1.089240854561344,0.8574082966364518,3
232,1.165,-7.827376882073596,-2.2312290180720744,4.865573633275794,11.118083426618474,1.089496860890415,0.8573257827273671,3
233,1.17,-7.706096061539501,-2.0778222988652857,4.850398450905632,10.87757324290082,1.0897588704509014,0.8573128146211675,3
234,1.175,-7.586057062404984,-1.9162468398963313,4.837135415851805,10.605986054673993,1.0900269935388778,0.8573685430862094,3
235,1.18,-7.467550341768263,-1.7466789521283914,4.8262876916559785,10.30431784594646,1.0903012520983293,0.8574917876230991,3
236,1.185,-7.350849252413503,-1.5693254838791546,4.843829234608963,9.97424975923044,1.0905815483225645,0.8576808973446046,3
237,1.19,-7.236209752281111,-1.3844230644043378,4.874382177143981,9.618341219669786,1.0908676249721683,0.8579335722138156,3
238,1.195,-7.123870274236773,-1.192236328369205,4.9173348969669,9.24029061348144,1.0911590158631295,0.8582466368065761,3
239,1.2,-7.014051743355118,-0.9930544881837591,4.972803790903985,8.845286972522796,1.0914549850680821,0.858615758596365,3
240,1.205,-6.906957728305655,-0.7871853435010792,5.040877980008638,8.440479340114473,1.0917544538748183,0.8590351041342026,3
241,1.21,-6.80277471308814,-0.574945516882515,5.121627205357782,8.035586053937264,1.0920559158739636,0.8594969310853564,3
242,1.215,-6.701672475280194,-0.35664551714010173,5.21511201610949,7.643640625057056,1.09235734342421,0.8599911248104418,3
243,1.22,-6.6038045570987425,-0.1325684978020405,5.321396751467547,7.281798172765408,1.0926560942720265,0.8605047095264152,3
244,1.225,-6.509308815905453,0.09705703128436483,5.440565411361363,6.97196908459854,1.092948836480181,0.861021401106559,3
245,1.23,-6.418308041272219,0.33208684115829357,5.572739396122707,6.740788320420866,1.0932315228745153,0.8615213216739301,3
246,1.235,-6.33091062633477,0.5724834731224959,5.718094121010961,6.618179370906326,1.093499457761254,0.8619810479506442,3
247,1.24,-6.247211281871674,0.8183163898993868,5.87686937343975,6.63391011952607,1.0937474943965086,0.8623741655219106,3
248,1.245,-6.167291782325648,1.0697256969382636,6.049367962845757,6.812551080749339,1.0939703637675944,0.8626723834709407,3
249,1.25,-6.091221733810419,1.3268489770892842,6.235940499163121,7.16884285775248,1.0941630684354307,0.8628470336918372,3
250,1.2550000000000001,-6.019059354998186,1.5897304640439032,6.436959500310702,7.7059846506012,1.0943212276016248,0.8628705897684151,3
251,1.26,-5.950852262641941,1.858240119454507,6.652789032202864,8.417589745130892,1.0944412815544269,0.8627178674256113,3
252,1.2650000000000001,-5.886638254337903,2.132020052958893,6.883754725431174,9.291661468874675,1.0945205392311037,0.8623667825636431,3
253,1.27,-5.8264460819634465,2.410459119208916,7.13011576321468,10.314339674900204,1.0945571173635675,0.8617987475022998,3
254,1.2750000000000001,-5.770296210024774,2.6926869114226264,7.392038178040302,11.472258487810445,1.094549838174748,0.8609988609069259,3
255,1.28,-5.718201553908073,2.977577582864349,7.669568067807821,12.753528847957972,1.0944981370613205,0.8599560184028496,3
256,1.285,-5.670168193742051,3.263757130954808,7.96260339880521,14.147830732563456,1.0944020063023687,0.85866300918657,3
257,1.29,-5.626196060244228,3.549611061045077,8.270863292003083,15.646067809487148,1.09426197883278,0.8571166096569212,3
258,1.295,-5.5862795895355255,3.8332914293800116,8.59385389280004,17.23986198203542,1.094079140955551,0.8553176489788068,3
259,1.3,-5.550408344466173,4.11272327018105,8.930830110723376,18.92101984093615,1.0938551545200783,0.8532710027895768,3
260,1.305,-5.518567600500432,4.385610781716942,9.280752743292007,20.681018505930545,1.093592266976888,0.8509854672461508,3
261,1.31,-5.490738894658969,4.649443741153817,9.642240826622183,22.510518414820915,1.093293290916587,0.8484734733729186,3
262,1.315,-5.466900536417145,4.901504666248329,10.013519538676784,24.398895790479298,1.0929615416695289,0.84575061765838,3
263,1.32,-5.447028079807189,5.13887737930667,10.392364668824044,26.33378535536048,1.0926007301992884,0.8428350048768585,3
264,1.325,-5.431094756274651,5.358457934369625,10.776045599147983,28.300628103447693,1.0922148167267203,0.8397464190660027,3
265,1.33,-5.419071868097493,5.556969379994619,11.161269935908047,30.282226898392654,1.0918078366304498,0.8365053552492511,3
266,1.335,-5.410929142392768,5.730982542492491,11.544134359445756,32.25832332602449,1.0913837133718807,0.8331319559491369,3
267,1.34,-5.406635045914266,5.876945871048356,11.920087838974025,34.20522207075914,1.0909460735002656,0.8296449020576635,3
268,1.345,-5.406157060988158,5.991228266470024,12.283914909524876,36.09550337932726,1.0904980767874732,0.8260603071822525,3
269,1.35,-5.409461923045767,6.0701795297351,12.629747955754837,37.897878519233466,1.0900422710408402,0.8223906583921896,3
270,1.355,-5.416515820296646,6.110213361727688,12.951118019962918,39.57725517708312,1.0895804769404247,0.8186438346691003,3
271,1.36,-5.427284556144351,6.107917427406676,13.241053118812152,41.09508610650993,1.0891137039885175,0.8148222179045573,3
272,1.365,-5.441733674984989,6.060193575391196,13.492230999296382,42.41007092619389,1.0886420948296884,0.8109218911996445,3
273,1.37,-5.459828552047967,5.964428656615013,13.697189402074585,43.47926367455396,1.0881648921744782,0.8069318976285972,3
274,1.375,-5.481534447942535,5.818692445106834,13.848591206686317,44.25960463486634,1.0876804206573345,0.8028335125916608,3
275,1.3800000000000001,-5.5068165285657305,5.621954099876405,13.93953467724094,44.70984388301446,1.0871860754646125,0.7985994681005858,3
276,1.385,-5.535639851010236,5.374302889362269,13.9638912382454,44.79276004977759,1.0866783107278328,0.7941930616478509,3
277,1.3900000000000001,-5.567969316087375,5.0771533059788965,13.916646036921364,44.47751005198193,1.0861526236775054,0.7895670891841087,3
278,1.395,-5.603769588053914,4.733410232703179,13.79421147392006,43.74188763675884,1.085603535493643,0.7846625639884278,3
279,1.4000000000000001,-5.643004982104432,4.347567541519517,13.594682307726236,42.57423620780859,1.085024576642896,0.7794072229577297,3
280,1.405,-5.685639320166545,3.9257142605632396,13.318003788191524,40.974768388485316,1.0844082930225907,0.7737138804182726,3
281,1.41,-5.73163575551722,3.4754266476947464,12.96603167627915,38.9560985438964,1.0837462988504891,0.7674787674164745,3
282,1.415,-5.7809565667275855,3.0055319587665963,12.542474132702111,36.542892707378925,1.0830294118263943,0.7605800908237872,3
283,1.42,-5.833562921443997,2.525739662880767,12.05271866754449,33.77067063085161,1.0822479138967624,0.7528771597717855,3
284,1.425,-5.889414610527618,2.0461473685030143,11.503560643133916,30.68393851198647,1.0813919848061433,0.7442105566039924,3
285,1.43,-5.948469753106389,1.5766411308022796,10.902861626546397,27.333973179812713,1.0804523538189104,0.7344039846190887,3
286,1.435,-6.0106844731450595,1.1262235236950744,10.25917613787414,23.77672608940486,1.0794212084930355,0.7232686454186836,3
287,1.44,-6.076012548213999,0.7023206457803113,9.581397655493754,20.071544929113525,1.0782933970510258,0.710611422057557,3
288,1.445,-6.1444050312388825,0.3101501729266971,8.878503035836836,16.282034857206177,1.0770679956163811,0.6962492469944015,3
289,1.45,-6.215809846144133,-0.04768996633737288,8.159571718036,12.48270554365409,1.0757505071234672,0.6800357031178188,3
290,1.455,-6.290171358466279,-0.3709699526986654,7.434672400734961,8.785719382388907,1.0743568897920888,0.6619212980270629,3
291,1.46,-6.3674299222120485,-0.6589910180566108,6.719489686019379,5.464893411107088,1.0729257359727629,0.6421525772482372,3
292,1.465,-6.4475214044728775,-0.8956993421988244,6.058168765302305,3.5860961541079663,1.07156866965425,0.6221321039570005,3
293,1.47,-6.530376689585155,-1.0442549542701514,5.530559005456123,4.691072456543119,1.070457588799337,0.6046145865274217,3
294,1.475,-6.615921164946108,-1.113763075303261,5.147170056271072,6.774658438313258,1.0695783819530764,0.5898701255436603,3
295,1.48,-6.704074190960578,-1.1326619716821256,4.884784866898445,8.522612151992021,1.0688589584305763,0.5771005787195546,3
296,1.485,-6.7947485580052005,-1.1249552857974194,4.720734001016908,9.790623102014836,1.068247376349441,0.5656499879779919,3
297,1.49,-6.8878499337540875,-1.1084475163791865,4.63568832641198,10.628730359523786,1.0677097074955995,0.5550567052624625,3
298,1.495,-6.983276304713612,-1.0955239643307948,4.613074354082169,11.117129244074206,1.0672235403983192,0.5449973432412745,3
299,1.5,-7.080917416361534,-1.0940186293307903,4.638648166401674,11.340579206371238,1.0667738457424314,0.5352452184881304,3
300,1.5050000000000001,-7.18065421687473,-1.1080144321911618,4.700357905967315,11.382507833448857,1.0663505544798042,0.5256454435640424,3
301,1.51,-7.282358310055472,-1.1385983463738683,4.788330160457896,11.321433147447614,1.0659470869421122,0.5160999749804304,3
302,1.5150000000000001,-7.3858914237223905,-1.1845812516796528,4.894842153585022,11.226869452954684,1.0655593698846422,0.5065572372641648,3
303,1.52,-7.491104900510493,-1.2431799029362764,5.014196176629227,11.154820379423992,1.0651850861926624,0.4970027433230349,3
304,1.5250000000000001,-7.597839218714354,-1.3106504823511997,5.142469158594046,11.14399492626607,1.0648230405619488,0.48744892964622927,3
305,1.53,-7.705923551496753,-1.382851565891059,5.277164618792269,11.214219636143952,1.0644726198376866,0.47792424386075044,3
306,1.5350000000000001,-7.815175373455953,-1.4557045174508332,5.416831526472635,11.36796632294346,1.064133376147194,0.46846286200773896,3
307,1.54,-7.9254001241801095,-1.5255238549368642,5.560718710654065,11.594617427053091,1.063804760174065,0.4590966786584398,3
308,1.545,-8.036390938995762,-1.5892110841477773,5.708507010807218,11.875954852452129,1.0634859992468766,0.44985045274588015,3
309,1.55,-8.147928457615256,-1.6443303095985442,5.860126051557477,12.191194387116381,1.063176083057807,0.4407399276717727,3
310,1.555,-8.259780721778768,-1.689098833145131,6.0156389299086825,12.520579226927383,1.0628738090856058,0.43177206903158694,3
311,1.56,-8.371703173241963,-1.722327389978986,6.17517144511413,12.847386082933827,1.0625778483557484,0.4229464477893198,3
312,1.565,-8.483438763549891,-1.7433375788362255,6.338866574610265,13.15869465845117,1.0622868079479635,0.4142570230973186,3
313,1.57,-8.594718186930214,-1.751874663377201,6.506852038911816,13.445389560644779,1.0619992803361533,0.40569388409192336,3
314,1.575,-8.705260247302919,-1.748025910836958,6.679214763167676,13.701777788796514,1.0617138781063757,0.39724475224683964,3
315,1.58,-8.81477236980869,-1.732149063463794,6.855979757030109,13.925069112804826,1.0614292565372927,0.38889619390648505,3
316,1.585,-8.922951266375705,-1.7048121568625092,7.037092792409496,14.114853108535387,1.0611441276705351,0.3806345654749806,3
317,1.59,-9.029483763650108,-1.6667440884573779,7.222406960866576,14.272631421569669,1.0608572692745712,0.37244673985495247,3
318,1.595,-9.134047800089155,-1.6187945325920623,7.411673293201687,14.401420572555338,1.060567531372648,0.36432066430420906,3
319,1.6,-9.23631359714551,-1.5619015867798822,7.604535462582713,14.505418668234682,1.0602738421804216,0.3562457906314154,3
320,1.605,-9.335945007252354,-1.4970656476243676,7.800528348717466,14.589720199949362,1.059975214543974,0.3482134060058548,3
321,1.61,-9.432601038758433,-1.425328284911096,7.999080000279117,14.660061155315287,1.059670753325391,0.34021688027650354,3
322,1.615,-9.525937555078363,-1.3477552002677768,8.199516336265306,14.722578701234353,1.0593596636487532,0.3322518353105029,3
323,1.62,-9.61560914214803,-1.2654226516881195,8.401067795579742,14.78357391166305,1.0590412594869965,0.3243162343188075,3
324,1.625,-9.701271134854082,-1.179406949278757,8.602877092797138,14.849271368140244,1.058714971742705,0.3164103849087588,3
325,1.6300000000000001,-9.78258178950083,-1.0907767502809165,8.804007278331818,14.925575232234905,1.0583803547690713,0.30853684892972866,3
326,1.635,-9.85920458566281,-1.0005878893982185,9.003449438613606,15.017826921877173,1.0580370902127887,0.3007002550131899,3
327,1.6400000000000001,-9.930810637035957,-0.9098803801451041,9.200129600961697,15.130574139184555,1.057684987155747,0.2929070155904578,3
328,1.645,-9.997081187245703,-0.8196770422897259,9.392914708006805,15.267364041991405,1.0573239777876218,0.2851649581359011,3
329,1.6500000000000001,-10.057710163107389,-0.730982996841739,9.580617861198695,15.430574344436318,1.0569541082322633,0.2774828890170079,3
330,1.655,-10.112406754679801,-0.6447850822598795,9.762003354150073,15.621294937843201,1.0565755246268882,0.2698701159991202,3
331,1.6600000000000001,-10.16089798872579,-0.5620501412903565,9.935792273940725,15.83926954539009,1.056188455046024,0.2623359606506669,3
332,1.665,-10.20293126001142,-0.4837211497410294,10.100669600230995,16.082902650947368,1.0557931883007856,0.25488929362303764,3
333,1.67,-10.238276783345905,-0.41071032389155704,10.255293753776007,16.349332342278814,1.0553900509700043,0.24753812377162251,3
334,1.675,-10.266729928484658,-0.34388864098434624,10.398309434691665,16.634565559027994,1.054979384199351,0.24028926682358687,3
335,1.68,-10.28811340006495,-0.28407160218494454,10.528364362958436,16.933669007107174,1.054561521832029,0.2331481118158948,3
336,1.685,-10.302279225672223,-0.23200151014779635,10.644130218717162,17.241006782837545,1.0541367713271375,0.2261184950861457,3
337,1.69,-10.309110516972465,-0.1883269713761564,10.744327713084578,17.55051432739216,1.0537053987106464,0.2192026833720129,3
338,1.695,-10.30852297158858,-0.15358072045414417,10.827755335852643,17.855997349357352,1.0532676185238667,0.21240146042294245,3
339,1.7,-10.300466087011065,-0.1281571639676855,10.89332095402451,18.151443482550725,1.0528235894159013,0.20571430590353296,3
340,1.705,-10.284924062247027,-0.11229123475929725,10.94007509773454,18.43133349851053,1.052373415691308,0.19913965133806732,3
341,1.71,-10.261916368027084,-0.10604022262555901,10.967244484532749,18.69093785747182,1.0519171547829613,0.1926751951832878,3
342,1.715,-10.23149797207899,-0.10927020607749682,10.97426411121049,18.926583411399033,1.0514548302743332,0.1863182574311913,3
343,1.72,-10.193759212087862,-0.12164855861280444,10.960806093193797,19.13587444715886,1.0509864497408596,0.1800661530179573,3
344,1.725,-10.1488253153256,-0.14264375315005395,10.926803363153931,19.317852344208223,1.050512026312788,0.1739165624362341,3
345,1.73,-10.096855570365237,-0.17153335191689933,10.872466362675029,19.473079341144533,1.0500316024865524,0.16786787722166838,3
346,1.735,-10.038042162614184,-0.2074206571168915,10.798290987317513,19.603634697730058,1.049545274350975,0.16191949761778798,3
347,1.74,-9.972608691423067,-0.24926001909190632,10.705056295047385,19.713016291451062,1.0490532140966171,0.1560720602475355,3
348,1.745,-9.900808392084164,-0.2958902617638941,10.59381088310011,19.80594761419953,1.0485556885172915,0.15032757581794579,3
349,1.75,-9.822922090974753,-0.34607510199263203,10.46584739863229,19.888099085851653,1.0480530712859955,0.14468946158826845,3
350,1.7550000000000001,-9.739255926299254,-0.3985488337962195,10.322665379249528,19.96574284193168,1.047545847181219,0.1391624610870449,3
351,1.76,-9.650138870242142,-0.4520649646711732,10.165923495348082,20.045370203275624,1.0470346071973413,0.13375245423074056,3
352,1.7650000000000001,-9.555920090795668,-0.5054450011376446,9.997383216159763,20.13330873945557,1.0465200345534602,0.1284661734402089,3
353,1.77,-9.456966193039696,-0.5576242793906374,9.818846823922007,20.235378793498377,1.0460028828682966,0.123310853426336,3
354,1.7750000000000001,-9.353658380225962,-0.6076917249242726,9.632093398372994,20.356625706673473,1.045483948949814,0.11829385130419207,3
355,1.78,-9.246389574687297,-0.6549207750390522,9.438816730589991,20.501153428000602,1.044964043479086,0.11342227715018233,3
356,1.7850000000000001,-9.135561537413135,-0.6987894195497475,9.240568995742143,20.672069441999945,1.0444439631307183,0.10870267182001804,3
357,1.79,-9.021582023189133,-0.7389883319037693,9.038713406373049,20.871533558759687,1.0439244672940853,0.10414075940237269,3
358,1.795,-8.904862005592703,-0.7754172218821793,8.834388075286128,21.100888344423172,1.0434062616458097,0.09974128841436282,3
359,1.8,-8.785813002982692,-0.8081706496048113,8.628482115266214,21.36084024302969,1.042889989619379,0.09550796197546688,3
360,1.805,-8.664844533043304,-0.8375154215424203,8.421623795966775,21.651659121919156,1.0423762316167926,0.09144344573085747,3
361,1.81,-8.542361719564708,-0.8638622278889514,8.22798419546697,21.97336911877177,1.041865510854771,0.0875494351122554,3
362,1.815,-8.418763071088744,-0.8877343462468303,8.244224089577793,22.325912710952466,1.041358304167755,0.08382676104004858,3
363,1.82,-8.294438446933688,-0.9097360747957381,8.261094324189292,22.709279845264483,1.0408550559123577,0.08027551458068695,3
364,1.825,-8.169767222043504,-0.930523163281805,8.278718619076177,23.12360232513167,1.040356193253607,0.07689517492668695,3
365,1.83,-8.045116658177776,-0.9507769921184774,8.297195411503731,23.5692191450448,1.0398621414405582,0.07368472985167118,3
366,1.835,-7.920840485247546,-0.9711837073110132,8.316610502203341,24.046720905437823,1.0393733380782337,0.07064278233628718,3
367,1.84,-7.797277693173311,-0.9924190245397355,8.33704706077629,24.556981433424998,1.0388902457829112,0.06776764067868166,3
368,1.845,-7.674751531542384,-1.0151390129916464,8.358592312494359,25.10118321948224,1.0384133629145833,0.06505739186318392,3
369,1.85,-7.553568711606868,-1.0399768769578657,8.381340385393209,25.680841187450213,1.0379432322934814,0.06250995934548877,3
370,1.855,-7.434018802809275,-1.0675455724732998,8.405390908194939,26.297827351847904,1.037480447930395,0.06012314696642804,3
371,1.86,-7.316373814056688,-1.0984460204661275,8.430843008152076,26.954397495519963,1.0370256598499679,0.05789467071164486,3
372,1.865,-7.2008879483812,-1.1332806983015118,8.457784358515966,27.653220269024953,1.036579577083573,0.055822179734890134,3
373,1.87,-7.087797518409984,-1.172672502262074,8.486274864379428,28.397409028376455,1.0361429688735666,0.0539032676303971,3
374,1.875,-6.977321009201089,-1.2172889735626313,8.516324449621033,29.19055714646797,1.0357166640791582,0.05213547447421713,3
375,1.8800000000000001,-6.869659274453476,-1.2678722751787035,8.547864212590827,30.036778289140155,1.035301548715593,0.05051627969848782,3
376,1.885,-6.764995851840813,-1.3252757075013406,8.580709949356178,30.940754105669107,1.0348985614982043,0.04904308542604647,3
377,1.8900000000000001,-6.663497383214224,-1.3905080751859842,8.614516695567895,31.907792877956485,1.0345086872031868,0.047713189473761276,3
378,1.895,-6.565314125635123,-1.4647878894587976,8.648722505981583,32.94390391614996,1.0341329475984513,0.046523746834929186,3
379,1.9000000000000001,-6.47058053960059,-1.54961024042818,8.682479169669666,34.05589397684438,1.0337723896417268,0.04547171809449416,3
380,1.905,-6.379415941377119,-1.6468302412147224,8.714566946160247,35.251493888749465,1.0334280705921308,0.04455380295914069,3
381,1.9100000000000001,-6.291925207032069,-1.758768276775065,8.74328970445685,36.539526151754686,1.0331010396415503,0.04376635696917673,3
382,1.915,-6.208199516516456,-1.8883439393025832,8.766346062527358,37.930127861095805,1.032792315653288,0.043105289604968476,3
383,1.92,-6.128317126980935,-2.0392475564532333,8.780671283938636,39.43504832523723,1.0325028606129762,0.04256594255341664,3
384,1.925,-6.052344165375163,-2.216160668705072,8.782243842947258,41.06804774011875,1.0322335484741492,0.04214294806219102,3
385,1.93,-5.980335431268256,-2.4250397092693134,8.765849821134461,42.84543295430102,1.0319851292531848,0.041830069362980365,3
386,1.935,-5.912335201716885,-2.6734804338140243,8.72479783738627,44.786779599345266,1.031758188548496,0.041620028482881474,3
387,1.94,-5.848378030882559,-2.971184136615662,8.650577384847981,46.915907748878595,1.0315531032046439,0.04150433191982677,3
388,1.945,-5.788489537948583,-3.330549880196756,8.5324548755216,49.26220196668866,1.031369994721659,0.04147311231698362,3
389,1.95,-5.732687177700078,-3.767418821878877,8.357005480552449,51.86239690647743,1.0312086833573124,0.04151501517940485,3
390,1.955,-5.68098098889988,-4.301995252887039,8.107586941187352,54.76298572541256,1.0310686478078863,0.041617174326266375,3
391,1.96,-5.633374316313386,-4.959960575024354,7.763777258704746,58.02344493304015,1.0309489978867439,0.04176533756681781,3
392,1.965,-5.589864502902888,-5.773774986506595,8.267278459077625,61.720488422922514,1.0308484704033574,0.04194422154120917,3
393,1.97,-5.55044354932425,-6.784117373416457,10.280085676876995,65.95352032684706,1.0307654603926135,0.04213818217086643,3
394,1.975,-5.515098738415125,-8.041332863737082,12.590352327499042,70.85124782037035,1.030698098754965,0.04233226469840967,3
395,1.98,-5.483813222864367,-9.606623394117868,15.234812832153466,76.57882684212683,1.030644380368364,0.04251361286521618,3
396,1.985,-5.45656657469796,-11.552519058493665,18.245438951459814,83.34355111664948,1.0306023334931396,0.04267303960622905,3
397,1.99,-5.433335295609412,-13.961923256656611,21.641688786612473,91.39435909031319,1.0305702121130491,0.042806312019930265,3
398,1.995,-5.414093287504467,-16.92481105544049,25.418288837447147,101.00576702831488,1.030546716097864,0.04291454266079363,3
399,2.0,-5.398812282923932,-20.531639110994863,29.527538050818347,112.43077707930702,1.0305313226794515,0.04300332821715337,3
400,2.005,-5.387462235257441,-24.862819128146356,33.856212188672636,125.80416006877074,1.0305248643398122,0.04308106794818018,3
401,2.0100000000000002,-5.380011668868316,-29.973708600498526,38.199334111671874,140.98954084359997,1.0305302200196946,0.043157447204435054,3
402,2.015,-5.376427989418773,-35.871972932623514,42.23573248017296,157.41190498838458,1.030552129833713,0.043241924973492246,3
403,2.02,-5.376677754818991,-42.47350418647214,45.51234503823378,174.01265957892116,1.03059423445328,0.043339806947853145,3
404,2.025,-5.38072690732641,-49.502812961517975,47.450450139336056,189.5490575584639,1.0306524643455743,0.04344500518135933,3
405,2.0300000000000002,-5.388540967396621,-56.30379148758933,47.41999678646405,203.32215447438847,1.0307093841160804,0.04353829149012919,3
406,2.035,-5.400085189937647,-61.644326202195415,45.003659277896475,215.73715762157187,1.030741370040829,0.043607134401197754,3
407,2.04,-5.415324683648593,-63.902788406805946,40.54991049204211,227.1324905506708,1.0307418836959519,0.043674721951441765,3
408,2.045,-5.434224494134981,-62.10530225096934,35.62770552692381,234.60936558432473,1.0307303060290323,0.04377874417648296,3
409,2.05,-5.4567496514894955,-57.201483923521124,32.39156269310707,232.1662334293838,1.0307238278410056,0.043913705876030135,3
410,2.055,-5.482865183011672,-51.69532621729889,31.976362735851975,218.64780893454412,1.0307213712693857,0.0440467067722801,3
411,2.06,-5.512536091716184,-47.645466690737194,33.919919920700835,203.36648761453722,1.0307194940395221,0.04416561275342437,3
412,2.065,-5.5457273012497925,-45.59607302338363,37.09857179942121,197.83639078934917,1.030719741608528,0.04427543546297061,3
413,2.07,-5.582403567804687,-45.07405412972645,40.55693780719235,204.6884258726504,1.0307253948864068,0.04438023447972447,3
414,2.075,-5.622529359583777,-45.29470580541401,43.62149422332533,219.22802124243262,1.0307384624510383,0.04447616175758589,3
415,2.08,-5.666068704344349,-45.49265234712604,45.767847026436016,236.0718245737435,1.0307572049135794,0.044550311310523213,3
416,2.085,-5.712985005523329,-45.046617712481606,46.58374877301998,251.12348684153315,1.0307752948004267,0.04458383585059251,3
417,2.09,-5.763240827433103,-43.561407376501435,45.86486678804422,261.004351854627,1.0307847181357932,0.044560293829363634,3
418,2.095,-5.816797650014399,-40.92090123190863,43.729575129467015,263.08977889784103,1.0307809201881741,0.04447592809817445,3
419,2.1,-5.873615593645159,-37.2674097501102,40.62270977137994,256.4034581672348,1.0307652524652455,0.04434339274431509,3
420,2.105,-5.933653114534658,-32.89872005499414,37.183023638467105,242.21390661921055,1.0307425906590306,0.04418453738681131,3
421,2.11,-5.996866671283494,-28.132622182913977,34.0710767400849,223.57969599895102,1.0307174504701555,0.04401869928114499,3
422,2.115,-6.063210363265615,-23.201891062529633,31.870324918422174,204.32110919067554,1.0306921383796728,0.04385568711606563,3
423,2.12,-6.132635541591437,-18.21188357085214,31.097448235501307,188.33506197694226,1.0306670770546156,0.043695606763573744,3
424,2.125,-6.2050903935446,-13.165294634423859,32.28826444919819,179.51108870132242,1.0306420294301386,0.04353196298935141,3
425,2.13,-6.28051950155196,-8.075585016254763,36.10324821667739,181.6266042559806,1.0306176082425067,0.04335363563081686,3
426,2.1350000000000002,-6.358863377950392,-3.265990637553628,45.43767401727468,197.47705046230263,1.0305969252704696,0.04314190807033805,3
427,2.14,-6.440057977057442,-0.0017046265945737105,59.21368204248944,228.0581634018321,1.0305876446028666,0.0428588915274276,3
428,2.145,-6.5240341863387785,-1.0528425329993496,74.30429701177856,274.950318051558,1.0306012850644528,0.04241589541270777,3
429,2.15,-6.610717298795904,-8.463282269040665,87.39935257055652,347.366485542907,1.0306395602595602,0.041648251250575904,3
430,2.1550000000000002,-6.7000264690746665,-16.336248190861244,96.90667383152919,451.0915906200348,1.0306667041432491,0.040514130597339625,3
431,2.16,-6.791874156219979,-13.138331790487715,91.59443571483371,525.2078557822031,1.0306164960166169,0.039410893552370485,3
432,2.165,-6.886165556475335,-2.3288716194120305,77.42654440652221,481.4816328971578,1.0304980809765927,0.03866107649645794,3
433,2.17,-6.982798030046759,0.6038100890959868,60.0099106824132,380.98021432249317,1.0304014088132973,0.03826397289199482,3
434,2.1750000000000003,-7.081660526318088,-5.759829470747043,42.59730260650264,286.67544588632626,1.0303388107658369,0.038126669261474705,3
435,2.18,-7.182633012615005,-13.046400264769261,36.05642831184912,207.57172551300462,1.0302856565243417,0.03809718996721504,3
436,2.185,-7.285585912264321,-18.542562761376942,35.09218140047875,167.2584735030494,1.0302351481846865,0.03809797953037232,3
437,2.19,-7.390379558376225,-22.94518558252803,36.57930412428763,157.28098718106628,1.0301841247020678,0.03809807374588936,3
438,2.195,-7.49686367048186,-27.022946678897902,39.3415361660115,162.50437767788506,1.0301299939434396,0.038077777159034674,3
439,2.2,-7.604876861875749,-31.106537220120945,42.66790368362421,175.9644278859567,1.030072254093535,0.03802623104200558,3
440,2.205,-7.714246186228643,-35.193944085317995,45.99672363958495,194.50630329770283,1.0300140546550711,0.037941229427174185,3
441,2.21,-7.8247867327351,-39.09700620286334,48.850941331044055,215.34264085199135,1.0299638845345305,0.03783093942758294,3
442,2.215,-7.936301279722296,-42.586051773598264,50.91253788671406,235.15672454195413,1.029935033470839,0.037712815613164134,3
443,2.22,-8.048580017250206,-45.50654994302714,52.11920566103058,250.80123132951132,1.0299405826839683,0.03760507550860556,3
444,2.225,-8.161400349753455,-47.816890809893465,52.66405584911206,260.6495727773164,1.0299857717715446,0.037515245522798155,3
445,2.23,-8.274526790184408,-49.5385520758844,52.85807627913477,265.2784024518993,1.0300632670816494,0.037436295397090556,3
446,2.235,-8.387710957385401,-50.666585918418804,52.93207166813496,266.7492006439425,1.0301550296867914,0.037355614149825654,3
447,2.24,-8.500691688514049,-51.10036028636034,52.90760211954541,267.0187395856035,1.0302398754765392,0.03727180387368921,3
448,2.245,-8.6131952782363,-50.665984875916045,52.63175713660718,266.5316608939408,1.0303030187990658,0.03720659699440777,3
449,2.25,-8.724935856054692,-49.28675614159384,51.95510773447362,263.99140330311826,1.030342090321403,0.03719799493704418,3
450,2.255,-8.835615912521872,-47.19235308007725,50.89525650564608,257.9192400276745,1.0303647304649968,0.03727512856526078,3
451,2.2600000000000002,-8.944926984172437,-44.919944760387146,49.661596298925474,248.79938413534975,1.030380111589635,0.037437320063585515,3
452,2.265,-9.052550505763417,-43.07135418046232,48.587977830763556,239.27105240201024,1.0303925311423472,0.03765489541053372,3
453,2.27,-9.158158836825008,-42.05693579344112,48.02486700275795,232.39469331688855,1.030400565355722,0.03788420550831447,3
454,2.275,-9.261416467575328,-41.988823158147014,48.179598949688575,230.421836206054,1.0303993543523537,0.03808222885871561,3
455,2.2800000000000002,-9.361981406942089,-42.697065636039035,48.97322776433695,234.6361032220169,1.0303829852303368,0.038213778593507684,3
456,2.285,-9.459506752767197,-43.78397600905653,50.01794492684639,245.1364587019739,1.0303459333279443,0.038252687963882974,3
457,2.29,-9.553642441267046,-44.696821188770464,50.73673175710968,260.22194062810183,1.0302849837654018,0.03818383584014895,3
458,2.295,-9.644037169515403,-44.85716562318037,50.59089892414602,276.0876649466545,1.030202843430323,0.03800960380138325,3
459,2.3000000000000003,-9.730340481155942,-43.83860750935737,49.3473725622215,287.7673581324166,1.030110576394505,0.037754309786990695,3
460,2.305,-9.812205001801871,-41.492584786425624,47.25604102865151,291.41657230325336,1.0300240457434395,0.037456878229898946,3
461,2.31,-9.889288806720346,-37.9363531376178,45.02939785129657,286.4418520437359,1.0299559663773183,0.03715351744649062,3
462,2.315,-9.961257899523078,-33.451964591534264,43.672397240693044,275.7545963741998,1.0299115648208277,0.036863331194787165,3
463,2.32,-10.027788776798472,-28.426937728170117,44.30799179299995,264.4971193602261,1.0298912307909287,0.036584232599097564,3
464,2.325,-10.088571050040871,-23.436127097655366,48.048861728850774,258.82588574865906,1.0298960779064772,0.03629370025135777,3
465,2.33,-10.143310092981798,-19.511760423288735,55.76649257784705,264.92999856097924,1.0299313119251368,0.03594235119132773,3
466,2.335,-10.191729679631246,-18.392522917602612,67.38666357717581,287.7331657022822,1.0300022121177694,0.03543016628186018,3
467,2.34,-10.233574576115716,-21.45390452011047,80.30801461519148,331.01759237281885,1.0300958080528468,0.03458995179740062,3
468,2.345,-10.268613047867172,-25.65445947349196,88.0237625291727,395.05025869655555,1.0301612118997139,0.033327350108257235,3
469,2.35,-10.29663924297261,-22.917417561113826,83.7847801474439,447.98174479553074,1.030144429679499,0.03194013847600566,3
470,2.355,-10.317475412616979,-12.37665322101073,68.56262699542908,422.8256495358152,1.0300624119403432,0.03087476588965168,3
471,2.36,-10.330973930597663,-4.005948503587945,54.06726754121785,336.006694928613,1.029985217478281,0.030246165531114994,3
472,2.365,-10.33701907588228,-3.24488229212038,39.52357961749447,254.83735565297428,1.0299367258518228,0.02996446842512928,3
473,2.37,-10.335528545116647,-6.567419001148593,28.597250783491287,189.92739107775301,1.0299010716150618,0.029875494136792222,3
474,2.375,-10.32645466582589,-10.265012368300315,22.477916560280203,146.69446997743225,1.029870172946924,0.029872050369790966,3
475,2.38,-10.309785285713861,-13.44329918437306,21.920312092646288,127.60308739496381,1.029841242403445,0.029910007504402796,3
476,2.3850000000000002,-10.28554431884688,-16.351675032758695,23.31729660421301,124.10830439152728,1.0298115788654725,0.02996142342622375,3
477,2.39,-10.25379193547028,-19.369996979566203,25.98212461978581,128.82891471473874,1.0297800202940688,0.030007372628361246,3
478,2.395,-10.214624388588819,-22.768249775699065,29.53593469865197,138.74104844342776,1.0297462679598872,0.030037587524761045,3
479,2.4,-10.168173477064984,-26.679217882298214,33.67253715380474,153.0304824628081,1.0297109213355204,0.03004725488975836,3
480,2.4050000000000002,-10.114605651661968,-31.10347876994238,38.0543630339484,171.34715542435563,1.029676748606618,0.030035803855785487,3
481,2.41,-10.054120776986862,-35.92527536315229,42.27883698422657,192.81930631449038,1.0296504988714346,0.03000833825638596,3
482,2.415,-9.986950568486412,-40.955057245635984,45.91472894453651,215.5347585887705,1.0296434418710936,0.029976895758387332,3
483,2.42,-9.913356729337082,-45.9925155119696,48.587694581885614,236.7020008392016,1.0296677263633265,0.029955896796758252,3
484,2.4250000000000003,-9.833628817098598,-50.846742294824175,50.04456331872024,253.74654785884317,1.0297276901808288,0.029951045498856507,3
485,2.43,-9.748081874237148,-55.228239841917386,50.13156106498494,265.80757843440824,1.0298113133743814,0.029952649173416446,3
486,2.435,-9.657053859973399,-58.5423380195832,48.75927137363402,274.1082657373234,1.0298919058631866,0.029948551091285518,3
487,2.44,-9.560902923307973,-59.877376348840926,46.06651004423253,279.9670857442756,1.0299451876062187,0.029951151300665044,3
488,2.445,-9.460004558494179,-58.582378580337846,42.76963240920438,281.8380404603685,1.0299681714914484,0.02999823347653748,3
489,2.45,-9.354748684670474,-55.13521020961609,40.10986853535798,276.0739384570691,1.0299753859366454,0.030111106219856736,3
490,2.455,-9.24553669087114,-51.099011342472636,39.06276195376345,262.87671458123026,1.0299791125374904,0.030274327788982314,3
491,2.46,-9.132778486269755,-47.97495834220991,39.73568941367025,249.087516076661,1.0299831897334955,0.030463131846996686,3
492,2.465,-9.016889593366756,-46.385107579815426,41.65278228711521,242.24303027035467,1.029988599738585,0.030661562536791025,3
493,2.47,-8.898288319019036,-46.1929206159068,44.25597596534167,244.72256970919912,1.0299959652824273,0.03085668892718026,3
494,2.475,-8.777393034848476,-46.8974013520921,47.036060832600526,254.97016254810745,1.0300039607323623,0.03103036587637044,3
495,2.48,-8.654619594786677,-47.84978648179947,49.44228983032735,270.57615963473404,1.030007260757352,0.0311568730441931,3
496,2.485,-8.530378913446196,-48.348515654254356,50.8603644233336,288.6646537980931,1.029996780199295,0.031206963822531138,3
497,2.49,-8.405074724781574,-47.764717751488774,50.77009794554986,305.0018722776698,1.0299643983894393,0.031159254099120768,3
498,2.495,-8.279101536236249,-45.71859041104283,49.007553347884475,314.3395240283433,1.0299102369655446,0.031014625005626337,3
499,2.5,-8.152842789372716,-42.18897861979628,45.93037508019759,312.7059816326121,1.0298445410500425,0.030800282450268335,3
500,2.505,-8.026669233947679,-37.45136043354034,42.33772579278798,299.8614127325321,1.029780512247723,0.03055560669398622,3
501,2.5100000000000002,-7.900937518600938,-31.888685305494654,39.22517758418312,279.5705330581616,1.0297261617920528,0.030311379309099454,3
502,2.515,-7.775988997839353,-25.81203058657873,37.59327915982305,257.9500659098559,1.0296829004297476,0.030079066776826605,3
503,2.52,-7.652148751862327,-19.392314655325535,38.431123698453405,242.0682827529754,1.0296490030040482,0.029852232875596612,3
504,2.525,-7.529724813023938,-12.776367259394078,42.821627490189705,239.4194556463342,1.0296232426432756,0.029610544987315537,3
505,2.5300000000000002,-7.409007590375793,-6.569045288566272,52.53393704502753,256.43642942695215,1.029606702560197,0.02931533947198038,3
506,2.535,-7.290269481787408,-2.9353051065850515,69.6423550169266,295.9075635290235,1.029600126590164,0.02888274612583243,3
507,2.54,-7.1737646615899155,-6.082189377515256,86.3811905721145,360.22984041782837,1.0295896469451087,0.028123907368773474,3
508,2.545,-7.059729030517192,-15.940134298396156,101.08508001009481,462.25953251347573,1.029529035964822,0.02680259892904091,3
509,2.5500000000000003,-6.948380313901803,-18.357146776896133,100.5802824338986,582.58305586253,1.0293635020435814,0.025182088781258508,3
510,2.555,-6.8399182935918175,-5.443157403470764,83.43975988503043,583.988960559132,1.0291206629641318,0.023940064077923977,3
511,2.56,-6.734525158854952,5.0600330352028635,66.20682029325428,455.1853252856256,1.0289378393001862,0.023214748577574232,3
512,2.565,-6.632365961593226,1.9898444526799466,45.50561566650433,336.419967542062,1.028848489863471,0.02290981905985587,3
513,2.57,-6.53358916146781,-5.794727870093894,31.41229462046273,234.18855665208943,1.0287944428409839,0.02283079536945086,3
514,2.575,-6.43832724699425,-11.953573387187397,28.67378704075395,169.83964732647786,1.0287516784274602,0.022830552588527103,3
515,2.58,-6.34669741927792,-16.524785211479482,29.79827670737734,148.54711741895738,1.0287129235729406,0.02285725935368046,3
516,2.585,-6.258802325785941,-20.556372282912307,32.74324918441396,149.21114621843472,1.0286740046587828,0.02288550614431452,3
517,2.59,-6.174730832364754,-24.71611750763912,36.7768820920407,160.00849467971193,1.028633070078059,0.022900644122604927,3
518,2.595,-6.094558822584927,-29.28825656807623,41.411403010995684,177.41019368640298,1.02859043307034,0.022894760597573362,3
519,2.6,-6.018350014402525,-34.276918432212064,46.16163460595902,200.0940696692925,1.0285501656712301,0.022865967046649054,3
520,2.605,-5.946156785048556,-39.4926472286442,50.4918919993319,226.23563144295338,1.0285220904788936,0.022820883684141407,3
521,2.61,-5.878020995976733,-44.6622581457997,53.89797673490722,252.61842753563948,1.0285209029925,0.022774319102931335,3
522,2.615,-5.8139748106001985,-49.54647962107572,56.04728729952285,275.2512610136071,1.028559046808509,0.022740259010806577,3
523,2.62,-5.7540414984178705,-53.95802802589818,56.83440109408908,291.33850323786567,1.028635376360858,0.02271887912364306,3
524,2.625,-5.698236219961076,-57.59657249088121,56.28166652537783,301.0127911769318,1.0287294495884967,0.022696434379393282,3
525,2.63,-5.646566787773947,-59.83556871691907,54.456475177535374,306.58287620904235,1.028811029095655,0.022667957680102397,3
526,2.6350000000000002,-5.599034399371463,-59.870913976878384,51.66687466368751,309.12540842782306,1.0288613872587575,0.02266043741375137,3
527,2.64,-5.555634338793562,-57.48211848064429,48.75540001260115,306.1368885937584,1.0288851045622511,0.022714547417400272,3
528,2.645,-5.516356643990657,-53.659125086492516,46.81710798732049,295.09011873459633,1.0288972362222981,0.022840844303470085,3
529,2.65,-5.481186737834429,-50.01958463253979,46.428050023000054,279.5653762032001,1.0289067600363013,0.023018165946343167,3
530,2.6550000000000002,-5.4501060210485415,-47.667298963960945,47.43818323801238,267.64856891887894,1.0289159695159242,0.0232218672285645,3
531,2.66,-5.423092425798233,-46.84188451857173,49.409889630511266,264.4763828343319,1.028924871343897,0.02343217887351666,3
532,2.665,-5.400120929067607,-47.237708674125464,51.90350368750356,270.28161758780055,1.0289315704025948,0.023627712001249444,3
533,2.67,-5.381164025291469,-48.293316715394084,54.42145859457445,283.46994686411443,1.0289307514331014,0.023781266290917296,3
534,2.6750000000000003,-5.366192157997679,-49.29718486340302,56.31868857362929,301.9054011126196,1.0289133919263755,0.023861483079340353,3
535,2.68,-5.355174110459501,-49.48349367075599,56.89952952405408,321.8106141583305,1.028870433459687,0.0238416668145124,3
536,2.685,-5.348077355558686,-48.23134646154223,55.71157940534986,337.19909168211984,1.0288007550390457,0.02371497961695526,3
537,2.69,-5.344868365222603,-45.282746016326996,52.85489470595931,341.8551973796344,1.0287159827867545,0.02350421539513941,3
538,2.695,-5.345512879926245,-40.79169820268844,49.04815001979358,333.00804265417855,1.0286338343762287,0.023251879972257652,3
539,2.7,-5.349976138845827,-35.15277472824129,45.39935666564758,313.28403086194703,1.0285663791815514,0.022996399950316732,3
540,2.705,-5.3582230713186645,-28.75933690486277,43.11909045906234,289.36762668873655,1.0285160872585872,0.022755454075102585,3
541,2.71,-5.370218450307382,-21.86591436980342,43.41578148134309,269.8063266577756,1.0284801803316552,0.022524758566642267,3
542,2.715,-5.385927008588718,-14.672377856425168,47.57870896561648,264.0094401597219,1.028455932485185,0.02228265381183867,3
543,2.72,-5.405313518391571,-7.849194678711342,57.01909347011542,280.60527322321366,1.0284426806931108,0.021985922922226578,3
544,2.725,-5.428342835198608,-3.8462845120805227,73.75809315415417,323.8597421512763,1.0284367278847744,0.021539519879515093,3
545,2.73,-5.454979906403957,-7.5090239052627865,92.75251684371135,396.3446725476721,1.0284119803158587,0.02073149248377368,3
546,2.735,-5.485189745489208,-18.118433841366592,107.77779656795951,511.6347097707043,1.0283070960990064,0.019325490465258936,3
547,2.74,-5.5189373723441895,-18.495851836014847,103.80321015583026,639.1436099895744,1.0280756580857144,0.017695469095035832,3
548,2.745,-5.556187720320735,-2.9019034054447985,83.50283725570416,612.5793260812158,1.0277893089436536,0.016531580226152323,3
549,2.75,-5.5969055105698,6.705320036691191,63.79546215498547,459.56858612737585,1.02760670144621,0.015892965279904483,3
550,2.755,-5.641055094177803,1.952803789435464,42.443836984852354,332.3428432688937,1.0275243159860405,0.015651076897983347,3
551,2.7600000000000002,-5.688600262589854,-5.992260438685392,29.615499975916823,224.73245569171755,1.027474236932152,0.015599211388312587,3
552,2.765,-5.739504026788567,-11.852103124409552,28.110769357957356,164.86253225229908,1.0274350773484975,0.015610016064169834,3
553,2.77,-5.7937283656904555,-16.235225791266746,29.701255630376156,148.95514250306337,1.0273994549184382,0.015641923306028673,3
554,2.775,-5.851233944230491,-20.250594807759583,33.004552326201456,152.94416159575385,1.027363500718117,0.015674392364152395,3
555,2.7800000000000002,-5.911979801632464,-24.551299662327594,37.38362314557769,166.20639984938853,1.0273255519327025,0.015695675265878686,3
556,2.785,-5.9759230104114005,-29.410135164740694,42.38794413393491,186.14255294670764,1.0272861837098786,0.01569884693892392,3
557,2.79,-6.043018306727772,-34.81759747748396,47.5205725582233,211.86442217960914,1.0272502293434096,0.015682125756087198,3
558,2.795,-6.113217692814849,-40.555684423090526,52.187726968203854,241.6082286778653,1.0272289451168817,0.01565184610749664,3
559,2.8000000000000003,-6.186470012333515,-46.31029883237561,55.79802352095263,271.7758106095944,1.0272384807475663,0.015621897965358697,3
560,2.805,-6.262720499676555,-51.80423254549733,57.93567586410311,297.65433779097094,1.0272907462105962,0.015603879450218905,3
561,2.81,-6.341910304449939,-56.80242403156859,58.432089872646905,315.920313132355,1.027380075124325,0.015594099447817053,3
562,2.815,-6.423975992605077,-60.86947556958113,57.25383950310857,326.8967541564444,1.0274791286091527,0.015577192957113314,3
563,2.82,-6.508849025986205,-63.09585868852234,54.46576234667523,333.37948310386037,1.0275549965657387,0.01555475081393318,3
564,2.825,-6.596455222393519,-62.432120582583515,50.597409278352615,335.8852218961837,1.0275954304925086,0.015564079208164407,3
565,2.83,-6.686714198647369,-58.87582611150645,46.96538078220362,330.2373483621838,1.027613637082524,0.01564160793916726,3
566,2.835,-6.779538799573302,-54.08973509956027,44.97217207076982,314.0887548541963,1.027625175344018,0.015780452874686227,3
567,2.84,-6.874834516312613,-50.14479916636331,45.029834331846324,294.6046142277874,1.0276351009784825,0.015952271857152547,3
568,2.845,-6.972498897898015,-48.05671426240128,46.655750695765185,282.82453235003,1.027643933690627,0.01613719393348498,3
569,2.85,-7.072420960617643,-47.747327998390375,49.19968414949295,283.2309662808089,1.0276514597779443,0.016320939978970203,3
570,2.855,-7.174480600319924,-48.62775726143857,52.0813530089946,294.1192475967059,1.0276551293083407,0.01648497297937057,3
571,2.86,-7.278548013482325,-49.9173839966998,54.64359185762606,312.5178464773906,1.0276479995230479,0.016603485572499035,3
572,2.865,-7.3844831335721315,-50.74029401769924,56.09392563261516,334.8651613978481,1.0276194943297712,0.016647157302054003,3
573,2.87,-7.492135089958513,-50.27334763119326,55.7214639172175,355.44536729331736,1.0275619387965635,0.016595056160284956,3
574,2.875,-7.601341697381094,-48.00413860623028,53.28705389018753,366.75520985424697,1.0274800052540747,0.016450570142317062,3
575,2.88,-7.711928984727234,-43.90876634977447,49.27523716105035,363.10467397747334,1.027391028303243,0.016245055375369702,3
576,2.8850000000000002,-7.823710772601565,-38.363426965945,44.765495900375726,344.5354754947899,1.0273125735541617,0.016019992932567617,3
577,2.89,-7.936488309867383,-31.858628922196917,41.065059913854576,317.03739741767384,1.0272519995442502,0.015803763264190616,3
578,2.895,-8.050049979977537,-24.740865829963937,39.46189446257572,289.81675550876787,1.0272076112924668,0.015602613394541066,3
579,2.9,-8.164171088466722,-17.14062319038467,41.25907713456103,273.4479404549587,1.0271749176843366,0.015404525703090144,3
580,2.9050000000000002,-8.278613743419118,-9.237054184156516,47.95600891863028,279.0459898192813,1.0271503968950366,0.015182111611470218,3
581,2.91,-8.393126841024044,-2.3004791496740182,65.23871766211943,314.66711662898945,1.0271293999707707,0.01487951677382313,3
582,2.915,-8.507446168454734,-0.801324727597347,86.47517003638497,382.0871070634814,1.027090898018634,0.014361412729677257,3
583,2.92,-8.621294636217334,-10.411160075079437,103.11658330827773,489.3148008862738,1.0269740125940556,0.013358937484443452,3
584,2.9250000000000003,-8.734382651784045,-20.548708843737728,110.66555278491565,651.3108179024224,1.026713865164241,0.011852993445952068,3
585,2.93,-8.846408645712609,-9.646985155193548,93.6420120255001,735.3571077943941,1.026335272394011,0.010581862159234253,3
586,2.935,-8.957059760532232,6.9862432546286755,75.29418662519898,589.3729217271401,1.0260286820782833,0.009836840982578778,3
587,2.94,-9.06601271141634,5.973033404404141,50.295192036840064,424.35875880366325,1.0258876245893753,0.009507348371847782,3
588,2.945,-9.172934826042964,-3.7405240165751152,32.14612236184743,287.2564139974859,1.0258172880567404,0.009423314548177427,3
589,2.95,-9.277485269049857,-11.249635476784004,25.70831890351987,194.49368471999367,1.025768582794858,0.009420886507671564,3
590,2.955,-9.379316454118474,-16.464230295744372,27.073999143319366,165.72761153702257,1.0257274902120024,0.009442595778349334,3
591,2.96,-9.478075643975222,-20.978581090077363,30.544846084068322,167.78169160586387,1.0256873389708403,0.009467002049361918,3
592,2.965,-9.573406735499546,-25.715730506448676,35.256398560788845,182.57910116753007,1.0256452671281906,0.009482145100095053,3
593,2.97,-9.664952223710575,-31.03293163939966,40.64565186601644,205.71093886034106,1.0256018685132677,0.00948074101134296,3
594,2.975,-9.752355334717429,-36.89838714445058,46.10353127755766,235.7754675356085,1.0255634359452732,0.0094610101559724,3
595,2.98,-9.835262313829077,-43.01314364325591,50.91416688035192,270.2831956286939,1.0255440980181705,0.009429631172236608,3
596,2.985,-9.913324851010426,-48.980778043846726,54.4083043746575,304.3795313537199,1.025562494912231,0.00939990201038226,3
597,2.99,-9.986202621839729,-54.49145615428232,56.19763137033548,332.11910266909615,1.0256290232054242,0.009380432249222791,3
598,2.995,-10.053565918179444,-59.3083912471883,56.22784623151224,350.02547638287984,1.0257312862562897,0.009364051311611851,3
